Date,Price,Open,High,Low,Vol.,Change %
7/18/10,0.10,0.00,0.10,0.10,6.55K,0.00%
7/25/10,0.10,0.10,0.10,0.10,25.29K,0.00%
8/1/10,0.10,0.10,0.10,0.10,28.56K,0.00%
8/8/10,0.10,0.10,0.10,0.10,41.26K,0.00%
8/15/10,0.10,0.10,0.10,0.10,46.72K,0.00%
8/22/10,0.10,0.10,0.10,0.10,52.94K,0.00%
8/29/10,0.10,0.10,0.10,0.00,71.76K,0.00%
9/5/10,0.10,0.10,0.10,0.10,29.59K,0.00%
9/12/10,0.10,0.10,0.20,0.10,43.62K,0.00%
9/19/10,0.10,0.10,0.10,0.10,62.80K,0.00%
9/26/10,0.10,0.10,0.10,0.10,76.07K,0.00%
10/3/10,0.10,0.10,0.10,0.00,472.96K,0.00%
10/10/10,0.10,0.10,0.10,0.10,206.14K,0.00%
10/17/10,0.10,0.10,0.10,0.10,165.87K,0.00%
10/24/10,0.20,0.10,0.20,0.10,205.85K,88.53%
10/31/10,0.40,0.20,0.50,0.10,228.00K,96.08%
11/7/10,0.30,0.40,0.50,0.10,341.46K,-29.23%
11/14/10,0.30,0.30,0.30,0.20,146.41K,0.00%
11/21/10,0.30,0.30,0.30,0.30,73.38K,0.00%
11/28/10,0.20,0.30,0.30,0.20,136.93K,-27.56%
12/5/10,0.20,0.20,0.20,0.20,66.89K,0.00%
12/12/10,0.20,0.20,0.30,0.20,37.50K,0.00%
12/19/10,0.20,0.20,0.30,0.20,40.10K,0.00%
12/26/10,0.30,0.20,0.30,0.20,62.38K,20.05%
1/2/11,0.30,0.30,0.30,0.30,56.70K,0.00%
1/9/11,0.40,0.30,0.40,0.30,97.03K,19.54%
1/16/11,0.40,0.40,0.40,0.30,82.88K,15.10%
1/23/11,0.40,0.40,0.40,0.40,64.42K,0.00%
1/30/11,0.90,0.40,0.90,0.40,177.62K,109.57%
2/6/11,1.10,0.90,1.10,0.80,111.64K,17.39%
2/13/11,0.90,1.10,1.10,0.80,70.90K,-12.13%
2/20/11,1.00,0.90,1.00,0.80,53.11K,0.00%
2/27/11,0.90,1.00,1.00,0.80,71.26K,0.00%
3/6/11,0.90,0.90,0.90,0.80,54.39K,0.00%
3/13/11,0.80,0.90,0.90,0.70,47.85K,-16.67%
3/20/11,0.90,0.80,0.90,0.70,65.51K,11.79%
3/27/11,0.80,0.90,0.90,0.80,37.89K,-8.56%
4/3/11,0.70,0.80,0.80,0.60,94.68K,-6.65%
4/10/11,1.00,0.70,1.10,0.70,222.10K,43.84%
4/17/11,1.70,1.00,2.00,1.00,230.94K,61.90%
4/24/11,3.50,1.70,4.20,1.50,315.37K,105.88%
5/1/11,3.60,3.50,3.90,2.50,154.50K,4.00%
5/8/11,7.20,3.60,8.90,3.60,292.56K,97.80%
5/15/11,6.10,7.20,8.50,5.60,223.19K,-15.00%
5/22/11,8.30,6.10,9.30,6.00,207.81K,35.62%
5/29/11,18.90,8.30,18.90,8.10,272.94K,127.59%
6/5/11,14.60,18.90,31.90,13.00,515.02K,-22.45%
6/12/11,16.90,14.60,25.00,10.30,481.85K,15.29%
6/19/11,17.50,16.90,18.90,16.90,30.18K,3.67%
6/26/11,15.40,17.50,18.00,14.00,179.65K,-12.05%
7/3/11,14.40,15.40,16.50,11.00,366.20K,-6.62%
7/10/11,13.70,14.40,15.70,13.50,190.88K,-4.59%
7/17/11,13.70,13.70,14.70,12.50,263.67K,0.00%
7/24/11,13.50,13.70,14.70,13.30,132.60K,-1.10%
7/31/11,6.60,13.50,14.90,5.70,398.27K,-51.59%
8/7/11,10.10,6.60,12.10,6.00,392.07K,54.66%
8/14/11,11.40,10.10,11.90,9.60,172.35K,13.03%
8/21/11,8.60,11.40,11.50,7.60,226.80K,-24.98%
8/28/11,8.50,8.60,9.50,8.00,112.89K,-1.28%
9/4/11,4.80,8.50,8.50,4.20,476.41K,-43.75%
9/11/11,4.80,4.80,7.40,4.40,413.36K,0.00%
9/18/11,5.50,4.80,6.80,4.70,384.64K,14.68%
9/25/11,5.00,5.50,5.50,4.60,199.84K,-8.04%
10/2/11,4.00,5.00,5.10,3.80,253.06K,-20.28%
10/9/11,3.80,4.00,4.40,3.70,247.14K,-4.24%
10/16/11,3.20,3.80,3.90,2.00,675.35K,-17.71%
10/23/11,3.60,3.20,3.80,2.40,450.69K,13.29%
10/30/11,3.00,3.60,3.70,2.80,268.87K,-17.04%
11/6/11,3.00,3.00,3.20,2.80,252.92K,2.02%
11/13/11,2.20,3.00,3.00,2.00,806.16K,-27.39%
11/20/11,2.50,2.20,2.60,2.20,363.45K,12.27%
11/27/11,2.80,2.50,3.10,2.40,609.05K,12.96%
12/4/11,3.00,2.80,3.10,2.60,388.45K,9.32%
12/11/11,3.20,3.00,3.40,3.00,329.70K,4.92%
12/18/11,3.90,3.20,4.50,3.20,478.62K,23.12%
12/25/11,4.70,3.90,5.00,3.80,457.49K,19.80%
1/1/12,6.80,4.70,7.20,4.60,1.02M,44.28%
1/8/12,6.80,6.80,7.20,5.80,757.50K,-0.88%
1/15/12,6.20,6.80,7.20,4.60,871.36K,-8.44%
1/22/12,5.60,6.20,6.40,5.10,560.59K,-8.90%
1/29/12,5.90,5.60,6.20,5.30,387.00K,4.26%
2/5/12,5.60,5.90,6.00,5.30,720.25K,-4.60%
2/12/12,4.20,5.60,5.80,3.90,1.08M,-24.64%
2/19/12,4.80,4.20,5.20,4.20,595.59K,13.03%
2/26/12,4.60,4.80,5.10,4.50,403.66K,-3.35%
3/4/12,4.80,4.60,5.10,4.60,334.24K,4.77%
3/11/12,5.20,4.80,5.40,4.80,367.60K,8.07%
3/18/12,4.70,5.20,5.30,4.50,475.80K,-10.34%
3/25/12,4.90,4.70,4.90,4.30,365.42K,4.91%
4/1/12,4.70,4.90,5.10,4.70,419.10K,-4.48%
4/8/12,5.00,4.70,5.00,4.60,404.72K,5.76%
4/15/12,5.30,5.00,5.50,4.90,385.95K,6.05%
4/22/12,5.00,5.30,5.30,4.80,367.93K,-5.32%
4/29/12,5.10,5.00,5.20,4.90,308.53K,2.01%
5/6/12,4.90,5.10,5.10,4.80,326.60K,-2.56%
5/13/12,5.10,4.90,5.10,4.90,282.77K,3.03%
5/20/12,5.10,5.10,5.20,5.10,220.54K,0.00%
5/27/12,5.30,5.10,5.30,5.00,243.86K,2.94%
6/3/12,5.60,5.30,5.70,5.20,327.56K,5.90%
6/10/12,6.40,5.60,6.60,5.40,379.76K,15.11%
6/17/12,6.40,6.40,6.80,6.00,332.47K,0.00%
6/24/12,6.70,6.40,6.70,6.20,277.01K,4.04%
7/1/12,6.80,6.70,6.90,6.40,284.01K,1.05%
7/8/12,7.50,6.80,7.90,6.70,337.91K,11.54%
7/15/12,8.90,7.50,9.70,7.30,789.95K,17.37%
7/22/12,8.90,8.90,9.20,7.80,357.35K,0.00%
7/29/12,11.00,8.90,11.30,8.70,442.24K,23.51%
8/5/12,11.50,11.00,12.00,10.10,379.16K,4.83%
8/12/12,11.60,11.50,15.40,10.60,591.64K,0.87%
8/19/12,10.50,11.60,11.60,7.60,759.29K,-9.39%
8/26/12,10.00,10.50,12.10,9.70,432.01K,-5.23%
9/2/12,11.00,10.00,11.30,9.70,270.47K,10.73%
9/9/12,11.80,11.00,11.80,10.80,260.01K,6.43%
9/16/12,12.20,11.80,12.70,11.70,223.13K,4.17%
9/23/12,12.40,12.20,12.50,11.60,175.00K,0.98%
9/30/12,12.50,12.40,13.10,12.30,210.29K,1.21%
10/7/12,11.90,12.50,12.60,10.60,289.17K,-5.20%
10/14/12,11.70,11.90,12.00,11.40,181.90K,-1.01%
10/21/12,10.30,11.70,12.00,9.70,354.68K,-12.61%
10/28/12,10.60,10.30,11.30,10.30,218.24K,3.70%
11/4/12,10.90,10.60,11.20,10.50,151.53K,2.35%
11/11/12,11.80,10.90,11.80,10.70,202.40K,8.26%
11/18/12,12.40,11.80,12.50,11.60,184.00K,5.26%
11/25/12,12.60,12.40,12.70,11.90,189.37K,1.21%
12/2/12,13.40,12.60,13.70,12.40,226.35K,6.85%
12/9/12,13.50,13.40,13.90,13.00,228.09K,0.52%
12/16/12,13.40,13.50,13.70,12.80,241.51K,-0.89%
12/23/12,13.40,13.40,13.70,13.00,139.46K,0.00%
12/30/12,13.40,13.40,13.60,13.20,142.19K,0.00%
1/6/13,14.20,13.40,14.40,13.40,228.80K,5.95%
1/13/13,15.60,14.20,16.00,13.90,313.71K,9.69%
1/20/13,17.90,15.60,19.20,15.40,485.49K,14.47%
1/27/13,19.60,17.90,21.40,17.20,442.23K,9.79%
2/3/13,23.60,19.60,24.00,19.40,318.71K,20.48%
2/10/13,27.20,23.60,27.60,21.70,466.62K,15.10%
2/17/13,29.80,27.20,31.30,25.00,417.66K,9.48%
2/24/13,34.30,29.80,34.90,29.20,327.36K,14.93%
3/3/13,46.80,34.30,49.10,33.30,520.06K,36.79%
3/10/13,47.00,46.80,48.50,36.70,384.32K,0.32%
3/17/13,64.30,47.00,74.90,46.80,602.06K,36.91%
3/24/13,92.20,64.30,95.70,62.70,511.38K,43.26%
3/31/13,142.60,92.20,147.00,91.00,520.93K,54.71%
4/7/13,93.00,142.60,266.00,54.30,1.38M,-34.80%
4/14/13,126.60,93.00,136.40,50.00,1.81M,36.15%
4/21/13,128.00,126.60,166.40,110.00,876.87K,1.09%
4/28/13,112.90,128.00,149.10,79.00,956.24K,-11.80%
5/5/13,115.60,112.90,124.90,97.50,568.14K,2.43%
5/12/13,123.20,115.60,125.60,103.00,399.53K,6.55%
5/19/13,132.00,123.20,134.00,119.50,157.31K,7.13%
5/26/13,129.30,132.00,136.00,124.00,159.87K,-2.04%
6/2/13,107.90,129.30,130.10,106.20,273.71K,-16.56%
6/9/13,99.80,107.90,112.30,88.00,336.61K,-7.50%
6/16/13,108.20,99.80,115.00,98.90,190.47K,8.42%
6/23/13,95.00,108.20,110.00,92.30,234.92K,-12.20%
6/30/13,69.70,95.00,98.20,65.40,358.77K,-26.67%
7/7/13,98.30,69.70,104.20,66.60,366.12K,41.14%
7/14/13,89.80,98.30,101.90,86.20,177.26K,-8.65%
7/21/13,94.40,89.80,97.50,88.00,105.87K,5.10%
7/28/13,104.90,94.40,111.70,94.00,191.74K,11.18%
8/4/13,103.00,104.90,107.80,101.00,82.99K,-1.86%
8/11/13,112.80,103.00,115.00,102.70,139.76K,9.47%
8/18/13,119.60,112.80,125.00,111.80,160.00K,6.08%
8/25/13,141.00,119.60,148.70,119.10,170.74K,17.89%
9/1/13,129.00,141.00,148.90,121.30,130.89K,-8.52%
9/8/13,136.70,129.00,145.90,124.00,137.01K,5.98%
9/15/13,134.40,136.70,142.20,131.00,73.34K,-1.70%
9/22/13,142.50,134.40,143.00,131.00,77.32K,6.04%
9/29/13,136.70,142.50,145.80,109.70,212.39K,-4.07%
10/6/13,142.90,136.70,143.10,134.10,64.32K,4.53%
10/13/13,183.10,142.90,195.80,141.50,201.72K,28.18%
10/20/13,188.60,183.10,233.40,175.30,254.87K,2.95%
10/27/13,211.70,188.60,216.50,188.90,63.77K,12.27%
11/3/13,367.80,211.70,395.00,212.10,294.92K,73.74%
11/10/13,462.00,367.80,476.90,290.00,228.96K,25.60%
11/17/13,832.50,462.00,900.90,453.30,379.68K,80.21%
11/24/13,1205.70,832.50,1241.90,745.20,213.00K,44.82%
12/1/13,697.00,1205.70,1239.90,576.00,362.23K,-42.19%
12/8/13,908.90,697.00,1067.70,653.00,144.17K,30.40%
12/15/13,640.50,908.90,927.90,454.90,293.97K,-29.54%
12/22/13,762.00,640.50,836.80,615.00,93.74K,18.97%
12/29/13,924.70,762.00,932.20,735.00,74.20K,21.35%
1/5/14,1005.30,924.70,1093.40,858.90,113.16K,8.72%
1/12/14,905.70,1005.30,1022.70,867.20,52.66K,-9.91%
1/19/14,961.00,905.70,980.50,901.90,45.70K,6.11%
1/26/14,940.40,961.00,1038.10,909.50,51.59K,-2.15%
2/2/14,648.80,940.40,959.60,632.10,107.92K,-31.01%
2/9/14,371.10,648.80,700.00,302.20,243.42K,-42.80%
2/16/14,255.60,371.10,540.00,91.70,474.94K,-31.12%
2/23/14,557.40,255.60,650.00,102.30,166.11K,118.08%
3/2/14,609.20,557.40,695.40,541.50,11.29K,9.30%
3/9/14,624.00,609.20,640.80,594.70,21.08K,2.43%
3/16/14,564.30,624.00,627.30,537.20,25.94K,-9.57%
3/23/14,477.10,564.30,575.40,453.80,27.56K,-15.46%
3/30/14,456.60,477.10,487.40,386.70,24.11K,-4.29%
4/6/14,437.60,456.60,485.10,355.70,29.33K,-4.16%
4/13/14,506.00,437.60,549.00,409.90,53.39K,15.62%
4/20/14,457.90,506.00,524.70,438.30,43.03K,-9.52%
4/27/14,438.60,457.90,464.50,420.80,29.46K,-4.20%
5/4/14,451.90,438.60,459.50,420.20,20.89K,3.02%
5/11/14,452.80,451.90,455.90,429.00,13.76K,0.20%
5/18/14,520.50,452.80,540.90,437.30,14.84K,14.95%
5/25/14,627.90,520.50,629.00,520.50,26.11K,20.65%
6/1/14,651.70,627.90,676.50,602.10,28.41K,3.78%
6/8/14,583.40,651.70,663.00,563.70,31.06K,-10.47%
6/15/14,597.00,583.40,614.40,560.80,24.28K,2.33%
6/22/14,597.60,597.00,610.10,565.80,21.33K,0.09%
6/29/14,623.00,597.60,652.50,593.20,26.47K,4.25%
7/6/14,635.90,623.00,638.60,607.30,21.67K,2.08%
7/13/14,627.00,635.90,638.60,610.00,21.18K,-1.39%
7/20/14,596.00,627.00,628.80,593.30,24.42K,-4.95%
7/27/14,591.70,596.00,604.00,564.00,31.26K,-0.72%
8/3/14,589.50,591.70,608.20,580.60,18.80K,-0.37%
8/10/14,522.00,589.50,596.60,483.20,31.57K,-11.45%
8/17/14,497.70,522.00,537.20,450.00,35.33K,-4.66%
8/24/14,506.00,497.70,527.40,496.80,23.33K,1.66%
8/31/14,484.50,506.00,508.30,470.50,44.41K,-4.25%
9/7/14,478.20,484.50,491.00,467.50,44.00K,-1.30%
9/14/14,411.50,478.20,480.30,386.10,62.05K,-13.94%
9/21/14,399.00,411.50,445.50,394.50,99.72K,-3.04%
9/28/14,335.30,399.00,402.30,327.10,123.42K,-15.96%
10/5/14,361.20,335.30,384.60,294.90,200.89K,7.72%
10/12/14,390.90,361.20,407.70,352.30,132.96K,8.21%
10/19/14,346.70,390.90,394.50,341.50,89.27K,-11.30%
10/26/14,325.40,346.70,356.80,320.70,87.78K,-6.14%
11/2/14,343.50,325.40,351.60,319.80,95.14K,5.56%
11/9/14,374.90,343.50,480.50,341.80,197.01K,9.12%
11/16/14,352.00,374.90,412.30,343.80,147.31K,-6.10%
11/23/14,376.30,352.00,395.70,352.60,246.59K,6.89%
11/30/14,376.30,376.30,384.90,366.20,146.15K,0.00%
12/7/14,348.20,376.30,377.90,337.80,200.16K,-7.45%
12/14/14,330.40,348.20,351.60,303.40,266.58K,-5.14%
12/21/14,315.30,330.40,339.30,312.00,161.65K,-4.54%
12/28/14,287.10,315.30,322.80,284.90,158.96K,-8.95%
1/4/15,273.40,287.10,296.10,255.90,252.20K,-4.80%
1/11/15,199.60,273.40,278.00,157.30,536.80K,-26.96%
1/18/15,248.20,199.60,248.90,192.50,277.73K,24.30%
1/25/15,218.50,248.20,310.90,216.50,414.80K,-11.95%
2/1/15,227.70,218.50,247.50,209.70,331.42K,4.20%
2/8/15,258.60,227.70,261.30,214.40,574.78K,13.60%
2/15/15,244.40,258.60,264.60,226.60,703.12K,-5.50%
2/22/15,254.10,244.40,258.70,231.30,479.59K,3.95%
3/1/15,274.90,254.10,287.10,244.80,719.39K,8.21%
3/8/15,281.60,274.90,301.00,271.30,720.71K,2.43%
3/15/15,259.70,281.60,294.00,247.00,662.73K,-7.77%
3/22/15,252.00,259.70,271.00,234.80,627.70K,-2.96%
3/29/15,252.90,252.00,256.50,236.60,489.10K,0.35%
4/5/15,236.50,252.90,261.50,231.30,458.58K,-6.49%
4/12/15,223.40,236.50,237.50,214.30,518.95K,-5.55%
4/19/15,226.10,223.40,238.40,221.60,382.29K,1.25%
4/26/15,235.30,226.10,242.60,214.10,560.49K,4.07%
5/3/15,241.40,235.30,247.90,228.20,547.71K,2.57%
5/10/15,236.20,241.40,244.80,232.40,369.77K,-2.14%
5/17/15,238.90,236.20,242.00,231.30,325.28K,1.15%
5/24/15,233.20,238.90,242.40,231.60,258.05K,-2.39%
5/31/15,224.70,233.20,234.00,221.00,364.19K,-3.64%
6/7/15,232.50,224.70,233.10,222.20,327.87K,3.44%
6/14/15,245.00,232.50,258.50,232.10,554.57K,5.38%
6/21/15,250.70,245.00,251.60,239.10,290.96K,2.35%
6/28/15,260.50,250.70,268.70,246.60,430.54K,3.92%
7/5/15,292.00,260.50,298.80,257.60,437.97K,12.06%
7/12/15,274.00,292.00,315.90,243.20,626.53K,-6.14%
7/19/15,288.70,274.00,291.20,271.80,319.49K,5.36%
7/26/15,280.50,288.70,296.70,276.30,333.87K,-2.86%
8/2/15,258.60,280.50,285.70,257.40,323.31K,-7.80%
8/9/15,260.50,258.60,271.50,258.60,361.86K,0.74%
8/16/15,229.50,260.50,261.90,214.30,680.08K,-11.89%
8/23/15,228.50,229.50,234.80,196.30,723.79K,-0.45%
8/30/15,233.70,228.50,235.60,224.20,383.82K,2.26%
9/6/15,235.60,233.70,246.40,233.30,419.16K,0.83%
9/13/15,231.10,235.60,242.80,225.10,357.82K,-1.91%
9/20/15,234.30,231.10,237.60,224.10,375.71K,1.38%
9/27/15,238.60,234.30,240.40,231.80,352.36K,1.83%
10/4/15,245.40,238.60,277.60,236.40,358.23K,2.84%
10/11/15,269.60,245.40,275.40,243.10,495.94K,9.88%
10/18/15,282.60,269.60,283.00,259.50,468.08K,4.81%
10/25/15,311.20,282.60,334.90,279.60,810.63K,10.15%
11/1/15,385.10,311.20,492.80,304.70,1.90M,23.73%
11/8/15,331.80,385.10,389.80,292.40,1.03M,-13.85%
11/15/15,324.70,331.80,342.90,309.50,593.42K,-2.13%
11/22/15,355.80,324.70,368.90,315.50,578.86K,9.59%
11/29/15,386.70,355.80,390.30,347.20,664.46K,8.67%
12/6/15,432.30,386.70,467.70,381.70,908.49K,11.79%
12/13/15,461.20,432.30,466.10,420.80,784.64K,6.69%
12/20/15,415.40,461.20,462.80,400.50,703.13K,-9.94%
12/27/15,433.70,415.40,438.00,406.10,420.60K,4.42%
1/3/16,448.30,433.70,462.90,423.10,457.61K,3.36%
1/10/16,385.00,448.30,451.10,350.40,735.95K,-14.11%
1/17/16,388.60,385.00,425.70,373.20,688.23K,0.93%
1/24/16,377.80,388.60,405.40,363.50,484.64K,-2.79%
1/31/16,376.70,377.80,391.80,365.30,465.80K,-0.29%
2/7/16,390.10,376.70,392.60,371.40,420.40K,3.56%
2/14/16,440.10,390.10,442.70,390.10,559.58K,12.81%
2/21/16,431.30,440.10,447.60,410.40,466.28K,-1.99%
2/28/16,399.00,431.30,441.30,386.90,528.15K,-7.49%
3/6/16,410.40,399.00,422.40,393.10,405.06K,2.85%
3/13/16,408.70,410.40,419.60,402.10,324.33K,-0.41%
3/20/16,416.50,408.70,419.60,407.20,264.86K,1.91%
3/27/16,418.50,416.50,427.40,406.40,328.93K,0.48%
4/3/16,418.00,418.50,423.70,412.40,242.22K,-0.11%
4/10/16,430.00,418.00,432.00,416.70,269.29K,2.87%
4/17/16,450.10,430.00,451.50,423.80,333.40K,4.66%
4/24/16,448.50,450.10,468.90,433.90,476.55K,-0.34%
5/1/16,458.50,448.50,461.50,440.20,326.08K,2.21%
5/8/16,456.40,458.50,464.20,446.80,277.91K,-0.44%
5/15/16,443.60,456.40,460.30,435.40,255.85K,-2.80%
5/22/16,524.20,443.60,531.80,436.90,459.13K,18.16%
5/29/16,572.00,524.20,592.70,493.20,663.12K,9.10%
6/5/16,591.60,572.00,592.60,543.60,398.83K,3.44%
6/12/16,753.80,591.60,776.00,592.80,1.21M,27.41%
6/19/16,663.50,753.80,765.10,539.30,1.18M,-11.97%
6/26/16,698.10,663.50,700.50,609.90,593.43K,5.21%
7/3/16,651.80,698.10,701.50,605.00,590.38K,-6.62%
7/10/16,660.70,651.80,673.20,636.80,309.16K,1.36%
7/17/16,655.20,660.70,680.90,645.70,285.32K,-0.84%
7/24/16,654.70,655.20,664.20,643.50,217.98K,-0.06%
7/31/16,586.50,654.70,654.90,471.40,444.48K,-10.43%
8/7/16,584.60,586.50,600.50,580.90,211.25K,-0.32%
8/14/16,582.60,584.60,585.80,559.30,216.33K,-0.34%
8/21/16,570.30,582.60,591.90,567.30,180.45K,-2.10%
8/28/16,598.80,570.30,705.00,569.20,177.29K,5.00%
9/4/16,624.50,598.80,629.30,590.80,190.28K,4.29%
9/11/16,607.10,624.50,630.80,592.80,176.68K,-2.79%
9/18/16,602.60,607.10,612.40,591.70,158.87K,-0.74%
9/25/16,613.40,602.60,615.00,598.20,151.47K,1.80%
10/2/16,617.70,613.40,619.60,606.50,154.85K,0.69%
10/9/16,637.00,617.70,642.50,612.80,190.80K,3.14%
10/16/16,655.50,637.00,659.90,624.10,186.59K,2.90%
10/23/16,715.00,655.50,720.20,645.70,279.12K,9.07%
10/30/16,702.10,715.00,744.40,670.40,351.15K,-1.80%
11/6/16,704.30,702.10,741.20,697.60,253.50K,0.31%
11/13/16,747.90,704.30,755.30,685.00,322.97K,6.19%
11/20/16,734.10,747.90,754.00,712.80,250.91K,-1.84%
11/27/16,764.20,734.10,779.00,727.10,283.01K,4.10%
12/4/16,774.00,764.20,777.00,746.00,209.60K,1.28%
12/11/16,787.20,774.00,791.60,763.00,181.20K,1.70%
12/18/16,891.10,787.20,920.50,783.80,358.58K,13.20%
12/25/16,963.40,891.10,982.60,851.40,367.77K,8.11%
1/1/17,888.90,963.40,1150.60,806.70,1.65M,-7.73%
1/8/17,819.60,888.90,936.10,739.50,641.94K,-7.79%
1/15/17,919.80,819.60,928.90,808.60,346.77K,12.23%
1/22/17,918.50,919.80,938.40,883.60,256.52K,-0.14%
1/29/17,1031.80,918.50,1041.00,911.50,282.01K,12.34%
2/5/17,1008.30,1031.80,1073.00,924.70,404.97K,-2.28%
2/12/17,1052.30,1008.30,1063.20,975.10,219.71K,4.36%
2/19/17,1149.10,1052.30,1211.70,1037.70,373.70K,9.20%
2/26/17,1264.30,1149.10,1291.30,1130.60,352.15K,10.03%
3/5/17,1179.20,1264.30,1330.40,988.70,563.14K,-6.73%
3/12/17,971.40,1179.20,1260.20,940.20,700.54K,-17.63%
3/19/17,966.30,971.40,1125.50,890.40,691.92K,-0.52%
3/26/17,1086.10,966.30,1103.70,946.70,542.07K,12.40%
4/2/17,1180.80,1086.10,1201.60,1074.20,495.23K,8.72%
4/9/17,1177.00,1180.80,1229.60,841.50,309.20K,-0.32%
4/16/17,1240.90,1177.00,1257.00,1166.70,301.86K,5.43%
4/23/17,1336.30,1240.90,1356.20,1223.10,364.25K,7.69%
4/30/17,1545.30,1336.30,1609.80,1309.70,609.50K,15.64%
5/7/17,1763.70,1545.30,1864.80,1495.20,689.31K,14.14%
5/14/17,2040.20,1763.70,2048.40,1653.70,552.75K,15.67%
5/21/17,2052.40,2040.20,2781.80,1868.60,1.18M,0.60%
5/28/17,2545.40,2052.40,2582.80,2051.10,732.63K,24.02%
6/4/17,2900.30,2545.40,2931.20,2478.20,710.05K,13.94%
6/11/17,2655.10,2900.30,2985.10,2125.60,1.07M,-8.45%
6/18/17,2590.10,2655.10,2804.40,2488.60,623.37K,-2.45%
6/25/17,2424.60,2590.10,2660.70,2309.60,737.13K,-6.39%
7/2/17,2564.90,2424.60,2658.70,2375.90,526.68K,5.78%
7/9/17,1975.10,2564.90,2576.70,1974.00,777.01K,-22.99%
7/16/17,2836.50,1975.10,2932.80,1809.00,1.35M,43.62%
7/23/17,2733.50,2836.50,2856.70,2441.50,859.86K,-3.63%
7/30/17,3262.80,2733.50,3344.00,2621.70,675.09K,19.36%
8/6/17,3871.60,3262.80,3967.30,3166.50,644.93K,18.66%
8/13/17,4150.50,3871.60,4487.50,3837.10,997.13K,7.20%
8/20/17,4352.30,4150.50,4461.70,3612.20,628.02K,4.86%
8/27/17,4573.80,4352.30,4976.50,4195.20,622.35K,5.09%
9/3/17,4335.10,4573.80,4719.80,4004.60,870.55K,-5.22%
9/10/17,3698.90,4335.10,4387.80,2979.90,1.43M,-14.68%
9/17/17,3788.00,3698.90,4122.80,3485.80,781.52K,2.41%
9/24/17,4360.60,3788.00,4383.30,3633.90,588.23K,15.12%
10/1/17,4435.80,4360.60,4477.40,4143.40,443.24K,1.72%
10/8/17,5824.70,4435.80,5852.80,4419.40,805.69K,31.31%
10/15/17,6006.60,5824.70,6187.20,5114.90,670.51K,3.12%
10/22/17,5726.60,6006.60,6070.60,5375.60,722.59K,-4.66%
10/29/17,7363.80,5726.60,7492.20,5679.40,976.41K,28.59%
11/5/17,6339.90,7363.80,7869.10,6197.90,1.07M,-13.91%
11/12/17,7780.90,6339.90,8000.20,5493.60,1.00M,22.73%
11/19/17,8754.70,7781.00,8762.00,7675.40,551.27K,12.51%
11/26/17,10912.70,8754.60,11417.80,8746.60,919.63K,24.65%
12/3/17,14843.40,10912.70,17294.80,10578.40,1.26M,36.02%
12/10/17,19345.50,14840.00,19587.70,13031.00,1.02M,30.33%
12/17/17,14396.50,19346.60,19870.60,10875.70,1.46M,-25.58%
12/24/17,12531.50,14396.60,16514.60,11962.10,1.04M,-12.95%
12/31/17,17172.30,12532.40,17252.80,12359.40,770.83K,37.03%
1/7/18,14292.20,17174.50,17184.80,13048.30,691.25K,-16.77%
1/14/18,12858.90,14291.90,14446.10,12858.90,1.39M,-10.03%
1/21/18,11467.50,12857.10,12860.20,10056.60,1.33M,-10.82%
1/28/18,9241.10,11471.20,12112.70,7915.80,1.89M,-19.41%
2/4/18,8559.60,9241.50,9382.10,8559.60,3.00M,-7.37%
2/11/18,11073.50,8559.70,11095.90,7843.70,1.64M,29.37%
2/18/18,9704.30,11073.70,11791.50,9394.50,1.93M,-12.36%
2/25/18,11402.30,9703.10,11420.70,9330.10,1.41M,17.50%
3/4/18,8762.00,11402.80,11506.90,8351.00,1.66M,-23.16%
3/11/18,7874.90,8732.20,9892.20,7691.70,1.84M,-10.12%
3/18/18,8547.40,7873.20,9173.40,7323.30,1.75M,8.54%
3/25/18,6938.20,8549.10,8679.00,6603.80,1.80M,-18.83%
4/1/18,6905.70,6939.10,7519.30,6460.10,1.50M,-0.47%
4/8/18,8004.40,6905.90,8228.00,6633.20,1.51M,15.91%
4/15/18,8923.10,8004.60,9027.70,7852.80,1.27M,11.48%
4/22/18,9352.40,8923.60,9753.10,8669.80,1.60M,4.81%
4/29/18,9853.50,9352.20,9992.80,8851.00,1.17M,5.36%
5/6/18,8459.50,9859.40,9957.70,8184.10,1.26M,-14.15%
5/13/18,8245.10,8483.60,8758.40,8055.50,1.14M,-2.53%
5/20/18,7361.30,8243.90,8597.40,7293.40,1.08M,-10.72%
5/27/18,7646.60,7361.90,7694.50,7069.80,984.53K,3.88%
6/3/18,7515.80,7646.60,7775.00,7391.00,868.03K,-1.71%
6/10/18,6505.80,7515.80,7516.30,6129.10,1.32M,-13.44%
6/17/18,6167.30,6505.80,6839.50,5955.00,988.81K,-5.20%
6/24/18,6398.90,6167.90,6498.50,5785.30,1.34M,3.76%
7/1/18,6765.50,6398.50,6805.90,6398.50,1.03M,5.73%
7/8/18,6254.80,6765.40,6793.80,6088.80,1.88M,-7.55%
7/15/18,7408.70,6254.80,7683.60,6238.50,1.92M,18.45%
7/22/18,8234.10,7409.00,8484.60,7343.70,1.80M,11.14%
7/29/18,7014.30,8231.50,8275.40,6949.70,1.55M,-14.81%
8/5/18,6231.60,7014.00,7149.70,6009.80,1.71M,-11.16%
8/12/18,6379.10,6232.10,6626.40,5898.30,17.63M,2.37%
8/19/18,6734.80,6379.10,6840.80,6255.90,20.84M,5.58%
8/26/18,7189.60,6734.90,7264.30,6573.10,26.36M,6.75%
9/2/18,6184.30,7189.60,7409.90,6132.30,26.79M,-13.98%
9/9/18,6519.00,6184.30,6867.30,6148.80,22.18M,5.41%
9/16/18,6729.60,6519.00,6833.30,6144.50,33.27M,3.23%
9/23/18,6603.90,6729.60,6809.20,5977.00,59.02M,-1.87%
9/30/18,6596.30,6603.90,6682.30,6034.90,64.74M,-0.12%
10/7/18,6321.70,6596.30,6699.50,6206.20,907.69K,-4.16%
10/14/18,6572.20,6321.60,7358.40,6300.00,1.21M,3.96%
10/21/18,6494.20,6575.90,6643.10,6473.70,685.44K,-1.19%
10/28/18,6386.20,6494.60,6502.20,6257.80,897.36K,-1.66%
11/4/18,6427.10,6386.20,6594.30,6359.70,1.04M,0.64%
11/11/18,5621.80,6427.10,6475.90,5384.10,1.64M,-12.53%
11/18/18,3920.40,5621.00,5727.90,3821.50,2.69M,-30.26%
11/25/18,4196.20,3920.30,4440.10,3634.20,3.46M,7.03%
12/2/18,3430.40,4196.20,4316.10,3251.80,2.98M,-18.25%
12/9/18,3228.70,3430.30,3677.60,3177.00,2.82M,-5.88%
12/16/18,3964.40,3228.60,4153.10,3225.90,4.77M,22.79%
12/23/18,3706.80,3964.30,4208.20,3560.80,4.18M,-6.50%
12/30/18,3785.40,3708.20,3894.80,3658.80,3.52M,2.12%
1/6/19,3597.20,3785.70,4070.50,3561.30,3.80M,-4.97%
1/13/19,3677.80,3597.30,3715.20,3473.20,3.50M,2.24%
1/20/19,3570.90,3676.20,3699.10,3465.20,3.16M,-2.91%
1/27/19,3502.50,3570.90,3583.20,3368.20,3.68M,-1.92%
2/3/19,3661.40,3502.30,3721.10,3382.50,3.78M,4.54%
2/10/19,3616.80,3661.00,3681.10,3580.20,3.65M,-1.22%
2/17/19,4120.40,3616.80,4152.60,3607.90,5.61M,13.92%
2/24/19,3823.10,4120.50,4194.20,3701.90,12.42M,-7.21%
3/3/19,3944.30,3823.20,3964.00,3681.80,19.19M,3.17%
3/10/19,4006.40,3944.40,4050.60,3817.10,19.44M,1.57%
3/17/19,4002.50,4006.40,4064.00,3923.80,20.06M,-0.10%
3/24/19,4111.80,4002.60,4138.10,3897.90,19.14M,2.73%
3/31/19,5046.20,4111.80,5278.40,4076.80,36.99M,22.73%
4/7/19,5051.80,5046.10,5404.10,4889.20,5.83M,0.11%
4/14/19,5290.20,5052.00,5327.00,4964.20,4.90M,4.72%
4/21/19,5265.90,5290.20,5594.40,5137.40,6.56M,-0.46%
4/28/19,5830.90,5265.70,5899.20,5188.90,5.56M,10.73%
5/5/19,7190.30,5830.80,7373.80,5630.50,5.78M,23.31%
5/12/19,7262.60,7190.00,8323.90,6802.60,9.03M,1.01%
5/19/19,8027.40,7261.90,8253.40,7252.30,6.20M,10.53%
5/26/19,8545.70,8029.60,9045.90,7866.50,20.69M,6.46%
6/2/19,7901.40,8545.80,8807.70,7480.40,4.88M,-7.54%
6/9/19,8812.50,7901.60,8856.70,7516.90,4.24M,11.53%
6/16/19,10721.70,8812.20,11160.50,8771.10,5.15M,21.66%
6/23/19,11906.50,10721.50,13929.80,10493.50,7.21M,11.05%
6/30/19,11268.00,11906.00,12179.30,9728.50,6.41M,-5.36%
7/7/19,11364.90,11267.90,13134.40,10839.40,5.64M,0.86%
7/14/19,10826.70,11364.30,11448.70,9082.60,6.29M,-4.74%
7/21/19,9492.10,10827.00,10883.80,9389.10,4.02M,-12.33%
7/28/19,10815.70,9491.10,10893.60,9401.10,3.89M,13.94%
8/4/19,11314.50,10816.10,12291.90,10568.80,4.55M,4.61%
8/11/19,10218.10,11314.60,11728.40,9580.10,4.62M,-9.69%
8/18/19,10131.00,10219.30,10941.60,9777.00,3.57M,-0.85%
8/25/19,9594.40,10132.10,10568.20,9343.00,3.29M,-5.30%
9/1/19,10461.10,9594.70,10896.20,9533.60,3.62M,9.03%
9/8/19,10337.30,10461.60,10578.00,9908.90,2.74M,-1.18%
9/15/19,9993.00,10337.30,10360.50,9707.60,2.51M,-3.33%
9/22/19,8208.50,9993.00,10075.00,7773.60,4.23M,-17.86%
9/29/19,8127.30,8208.00,8486.20,7749.00,3.23M,-0.99%
10/6/19,8304.40,8127.30,8751.10,7797.00,4.00M,2.18%
10/13/19,7957.30,8304.30,8450.20,7842.00,3.38M,-4.18%
10/20/19,7434.10,7957.40,8315.30,7329.20,3.35M,-6.57%