Date,Open,High,Low,Close,Price,Volume
10/26/09,108.199997,109.309998,103.440002,103.559998,84.749916,1267834600
11/2/09,104.129997,107.400002,103.080002,107.129997,87.671494,1081551600
11/9/09,107.949997,110.82,107.870003,109.620003,89.709198,808969200
11/16/09,110.379997,111.690002,109.010002,109.43,89.553719,857473700
11/23/09,110.720001,111.739998,108.290001,109.57,89.668282,521996900
11/30/09,109.480003,112.379997,108.120003,111.010002,90.846733,895036300
12/7/09,110.910004,111.529999,109.019997,111.110001,90.928566,715769500
12/14/09,111.870003,112.129997,109.279999,110.209999,90.192055,740889800
12/21/09,110.760002,112.599998,110.760002,112.480003,92.545319,361207700
12/28/09,112.900002,113.029999,111.389999,111.440002,91.689629,331857300
1/4/10,112.370003,114.620003,111.510002,114.57,94.264915,604092800
1/11/10,115.080002,115.139999,113.199997,113.639999,93.49971,759533100
1/18/10,113.620003,115.129997,109.089996,109.209999,89.854836,1046464900
1/25/10,110.209999,110.470001,107.220001,107.389999,88.357376,1296751500
2/1/10,108.150002,110.589996,104.580002,106.660004,87.756775,1427225100
2/8/10,106.739998,108.25,105.809998,108.040001,88.89222,1330712600
2/15/10,108.860001,111.57,107.82,111.139999,91.44278,744556100
2/22/10,111.550003,111.580002,108.940002,110.739998,91.113678,949418600
3/1/10,111.199997,114.339996,111.169998,114.25,94.001617,771376300
3/8/10,114.260002,115.970001,113.870003,115.459999,94.997154,778142600
3/15/10,115.260002,117.480003,114.599998,115.970001,95.416756,916108100
3/22/10,115.309998,118.169998,115.239998,116.580002,96.31369,992696800
3/29/10,117.169998,118.25,116.610001,117.800003,97.321564,602579900
4/5/10,118.25,119.599998,117.599998,119.550003,98.76738,692518600
4/12/10,119.699997,121.57,118.75,119.360001,98.610397,908333600
4/19/10,119.010002,121.860001,118.470001,121.809998,100.634476,861261700
4/26/10,121.849998,122.120003,118.25,118.809998,98.156013,1263760600
5/3/10,119.379997,120.68,105,111.260002,91.918488,2156989900
5/10/10,115.809998,117.68,112.870003,113.889999,94.091309,1529670400
5/17/10,114.199997,115.220001,105.360001,109.110001,90.142242,2112367000
5/24/10,108.519997,110.800003,104.379997,109.370003,90.357063,1614851500
5/31/10,108.349998,111.059998,106.459999,106.82,88.250351,1143247000
6/7/10,107.199997,109.75,104.650002,109.68,90.613136,1422425500
6/14/10,110.519997,112.419998,109.400002,111.730003,92.306793,1099031200
6/21/10,113.120003,113.199997,106.769997,107.870003,89.541817,1214386100
6/28/10,108.029999,108.32,101.129997,102.199997,84.835197,1443279800
7/5/10,103.639999,107.970001,101.879997,107.959999,89.616531,866546700
7/12/10,107.599998,110.089996,106.449997,106.660004,88.537392,1043767600
7/19/10,107.050003,110.57,105.82,110.410004,91.650246,1206200500
7/26/10,110.599998,112.290001,108.980003,110.269997,91.534042,992577200
8/2/10,111.989998,113.110001,110.919998,112.389999,93.293823,873294300
8/9/10,112.919998,113.18,107.599998,108.309998,89.907059,1035364700
8/16/10,107.57,110.389999,106.75,107.529999,89.259598,978649500
8/23/10,108.040001,108.57,104.290001,106.860001,88.703415,1213491400
8/30/10,106.580002,110.989998,104.489998,110.889999,92.048668,1066309300
9/6/10,110.370003,111.68,109.550003,111.480003,92.538467,566735000
9/13/10,112.580002,113.290001,111.980003,112.489998,93.376823,952735300
9/20/10,112.879997,114.900002,112.18,114.82,95.821182,1086292800
9/27/10,114.860001,115.790001,113.18,114.610001,95.645958,979380500
10/4/10,114.370003,116.860001,113.18,116.540001,97.256577,887034000
10/11/10,116.720001,118.550003,115.650002,117.699997,98.224648,941124800
10/18/10,117.739998,119.089996,116.019997,118.349998,98.76709,951659200
10/25/10,119.139999,119.760002,117.260002,118.489998,98.883919,813034100
11/1/10,119.07,122.919998,117.849998,122.720001,102.414001,954817000
11/8/10,122.339996,122.949997,119.650002,120.199997,100.310974,961202500
11/15/10,120.580002,121.050003,117.589996,120.290001,100.386101,990392500
11/22/10,119.690002,120.239998,117.989998,118.800003,99.142639,619723900
11/29/10,118.5,123.029999,117.739998,122.889999,102.555862,1021112700
12/6/10,122.629997,124.599998,122.410004,124.480003,103.882797,688927500
12/13/10,125.050003,125.230003,123.75,124.300003,103.732552,767995900
12/20/10,124.639999,125.82,123.980003,125.599998,105.368698,362982800
12/27/10,125.129997,126.199997,125.040001,125.75,105.494553,339304000
1/3/11,126.709999,127.830002,125.699997,127.139999,106.660645,688663800
1/10/11,126.580002,129.330002,126.199997,129.300003,108.472725,587344200
1/17/11,129.179993,129.639999,127.129997,128.369995,107.692535,593568300
1/24/11,128.289993,130.350006,127.510002,127.720001,107.147232,841489200
1/31/11,128.070007,131.199997,127.75,131.149994,110.024704,715288600
2/7/11,131.440002,133.279999,131.300003,133.110001,111.669037,658367400
2/14/11,133.029999,134.690002,132.320007,134.529999,112.860306,591262500
2/21/11,133.119995,134.559998,129.699997,132.330002,111.014648,862818700
2/28/11,132.820007,133.690002,130.350006,132.470001,111.132103,1054110800
3/7/11,132.860001,133.160004,129.490005,130.839996,109.764664,1072125000
3/14/11,129.990005,130.479996,125.279999,127.760002,107.180794,1547968900
3/21/11,129.350006,131.869995,128.320007,131.300003,110.629089,746906900
3/28/11,131.580002,133.770004,130.440002,133.149994,112.187836,661783400
4/4/11,133.429993,134,132.309998,132.860001,111.943497,660648900
4/11/11,133,133.449997,130.270004,132.039993,111.252586,775858900
4/18/11,130.589996,133.839996,129.509995,133.779999,112.718666,627087300
4/25/11,133.679993,136.570007,133.199997,136.429993,114.951431,595273300
5/2/11,137.070007,137.179993,133.020004,134.199997,113.072533,897019400
5/9/11,134.190002,136.110001,133.389999,134.039993,112.937721,751471200
5/16/11,133.559998,135.029999,132.119995,133.610001,112.575424,771663900
5/23/11,131.979996,133.869995,131.380005,133.509995,112.49115,752721600
5/30/11,134.770004,134.919998,130.080002,130.419998,109.887634,832982500
6/6/11,130.089996,130.360001,127.260002,127.599998,107.511589,939901900
6/13/11,127.889999,129.770004,126.32,127.050003,107.04818,1210445900
6/20/11,126.620003,129.809998,126.190002,126.809998,107.375694,1089755100
6/27/11,126.889999,134.100006,126.639999,133.919998,113.396027,1004464900
7/4/11,133.779999,135.699997,133.110001,134.399994,113.80246,673832300
7/11/11,132.75,133.220001,130.679993,131.690002,111.507782,1060781500
7/18/11,131.080002,134.820007,129.630005,134.580002,113.954895,871838100
7/25/11,133.300003,134.490005,127.970001,129.330002,109.50946,1031930400
8/1/11,130.839996,130.960007,116.860001,120.080002,101.677094,2219616500
8/8/11,116.910004,120.120003,110.269997,118.120003,100.017464,2884411300
8/15/11,119.190002,121.199997,112.5,112.639999,95.377281,1732344500
8/22/11,115.169998,119.400002,112.410004,117.970001,99.890457,1479958200
8/29/11,119.559998,123.510002,117.43,117.849998,99.788818,1244224400
9/5/11,114.389999,120.940002,114.379997,115.919998,98.15464,1125697000
9/12/11,114.470001,121.970001,114.050003,121.519997,102.896378,1509003200
9/19/11,119.529999,121.989998,111.300003,113.540001,96.636749,1597854300
9/26/11,114.610001,119.559998,112.980003,113.150002,96.304825,1445625600
10/3/11,112.489998,117.25,107.43,115.709999,98.483704,1678881000
10/10/11,117.68,122.599998,117.669998,122.57,104.322411,1145235600
10/17/11,121.989998,124.120003,119.199997,123.970001,105.513977,1288845800
10/24/11,124.169998,129.419998,122.209999,128.600006,109.454704,1379992900
10/31/11,127.160004,128.619995,121.519997,125.480003,106.799202,1430006500
11/7/11,125.389999,128.020004,122.860001,126.660004,107.803497,1180816400
11/14/11,126.190002,127.449997,121.230003,121.980003,103.820244,1126550200
11/21/11,120.199997,120.349998,116.199997,116.339996,99.01989,769992600
11/28/11,119.540001,126.5,118.82,124.860001,106.271484,1132431500
12/5/11,126.839996,127.260002,123.650002,126.050003,107.284332,1091882700
12/12/11,124.949997,125.57,121.300003,121.589996,103.488319,1119195300
12/19/11,122.059998,126.43,120.029999,126.389999,108.255951,815204600
12/26/11,126.169998,126.82,124.730003,125.5,107.493652,424289000
1/2/12,127.760002,128.380005,126.43,127.709999,109.386559,642829400
1/9/12,128,129.699997,127.410004,128.839996,110.354454,625172800
1/16/12,130.080002,131.949997,128.899994,131.949997,113.018234,560163500
1/23/12,131.509995,133.399994,130.600006,131.820007,112.906883,751131900
1/30/12,130.509995,134.619995,130.059998,134.539993,115.23661,744447200
2/6/12,133.979996,135.589996,133.639999,134.360001,115.082474,699094400
2/13/12,135.320007,136.630005,134.25,136.410004,116.838356,792803700
2/20/12,136.729996,137.199997,135.5,136.929993,117.283699,501741000
2/27/12,136.020004,138.190002,135.800003,137.309998,117.6092,726681300
3/5/12,137.100006,137.929993,134.360001,137.570007,117.831909,726392800
3/12/12,137.550003,140.779999,137.089996,140.300003,120.170219,751269600
3/19/12,140.210007,141.279999,138.550003,139.649994,120.137642,625146900
3/26/12,140.649994,141.830002,139.089996,140.809998,121.135582,689045100
4/2/12,140.639999,142.210007,139.259995,139.789993,120.258064,591883200
4/9/12,138.029999,139.839996,135.759995,137.139999,117.978355,840617400
4/16/12,137.839996,139.360001,136.580002,137.949997,118.675209,761453400
4/23/12,136.539993,140.789993,135.940002,140.389999,120.774261,726597900
4/30/12,140.110001,141.660004,136.919998,137,117.85791,712692400
5/7/12,136.509995,137.559998,134.490005,135.610001,116.662148,865528500
5/14/12,134.309998,135.610001,129.550003,129.740005,111.612305,1146413600
5/21/12,130.160004,133.229996,129.949997,132.100006,113.642593,883173900
5/28/12,133.160004,133.929993,128.160004,128.160004,110.25309,764680800
6/4/12,128.389999,133.529999,127.139999,133.100006,114.502838,879586100
6/11/12,134.169998,134.259995,131.160004,134.139999,115.39753,923971800
6/18/12,133.580002,136.25,132.330002,133.460007,115.407417,810496700
6/25/12,132.050003,136.270004,130.850006,136.100006,117.690353,777590700
7/2/12,136.479996,137.800003,134.850006,135.490005,117.162865,487344100
7/9/12,135.380005,136.229996,132.600006,135.75,117.387657,686624500
7/16/12,135.440002,138.179993,134.550003,136.470001,118.0103,622487000
7/23/12,134.470001,139.070007,133.029999,138.679993,119.921349,840929800
7/30/12,138.520004,139.639999,135.580002,139.350006,120.500725,723033300
8/6/12,139.720001,140.919998,139.559998,140.839996,121.7892,475710400
8/13/12,140.600006,142.300003,140.039993,142.179993,122.947914,455720100
8/20/12,141.979996,143.089996,140.220001,141.509995,122.368546,528027900
8/27/12,141.889999,142.080002,140.190002,141.160004,122.06588,458457100
9/3/12,141.039993,144.389999,140.130005,144.330002,124.807068,486431100
9/10/12,144.190002,148.110001,143.460007,147.240005,127.323471,658106600
9/17/12,146.940002,147.190002,145.630005,145.869995,126.138824,608820000
9/24/12,145.149994,146.240005,142.949997,143.970001,125.160393,637875800
10/1/12,144.520004,147.160004,143.830002,146.139999,127.046852,619770200
10/8/12,145.600006,146.119995,142.580002,142.889999,124.221443,599319200
10/15/12,143.229996,146.520004,142.770004,143.389999,124.656143,679092400
10/22/12,143.149994,143.669998,140.389999,141.350006,122.882683,718295200
10/29/12,141.850006,143.720001,140.679993,141.559998,123.065201,342136300
11/5/12,141.350006,143.520004,137.550003,138.160004,120.109444,852323700
11/12/12,138.589996,139.25,134.699997,136.369995,118.553314,829813100
11/19/12,137.899994,141.399994,136.410004,141.350006,122.882683,418423200
11/26/12,140.649994,142.509995,139,142.149994,123.578125,693511300
12/3/12,142.800003,142.919998,140.369995,142.410004,123.804222,611416000
12/10/12,142.210007,144.550003,141.880005,142.100006,123.534706,670707900
12/17/12,142.470001,145.580002,141.940002,142.789993,124.134499,886267200
12/24/12,142.479996,142.710007,139.869995,140.029999,122.598534,477549600
12/31/12,139.660004,146.610001,139.539993,146.369995,128.149261,697573700
1/7/13,145.850006,147.149994,144.979996,147.070007,128.762207,566665900
1/14/13,146.889999,148.490005,146.199997,148.330002,129.865326,591328800
1/21/13,148.330002,150.25,147.979996,150.25,131.546295,510031400
1/28/13,150.289993,151.419998,149.509995,151.240005,132.413086,596648600
2/4/13,150.320007,151.889999,149.429993,151.800003,132.903397,677372500
2/11/13,151.740005,152.610001,151.389999,152.110001,133.174728,517551100
2/18/13,152.369995,153.279999,149.940002,151.889999,132.982178,545293800
2/25/13,152.630005,152.869995,148.729996,152.110001,133.174728,880703700
3/4/13,151.759995,155.649994,151.520004,155.440002,136.090271,524491200
3/11/13,155.320007,156.800003,155.130005,155.830002,136.431671,546984500
3/18/13,154.339996,155.949997,153.589996,155.600006,136.836197,647799500
3/25/13,156.009995,156.850006,154.350006,156.669998,137.777206,441062300
4/1/13,156.589996,157.210007,153.770004,155.160004,136.44931,646416800
4/8/13,155.270004,159.710007,154.75,158.800003,139.650345,550706900
4/15/13,158,158.130005,153.550003,155.479996,136.730667,908872400
4/22/13,155.779999,159.270004,154.75,158.240005,139.157898,596455400
4/29/13,158.669998,161.880005,158.100006,161.369995,141.9104,584067600
5/6/13,161.490005,163.699997,161.419998,163.410004,143.704407,464602100
5/13/13,163.199997,167.039993,162.820007,166.940002,146.808746,561277200
5/20/13,166.779999,169.070007,163.940002,165.309998,145.37529,787545500
5/27/13,167.039993,167.779999,163.130005,163.449997,143.739563,588687100
6/3/13,163.830002,165.100006,160.25,164.800003,144.926788,926323300
6/10/13,165.309998,165.399994,161.300003,163.179993,143.502121,747319300
6/17/13,164.289993,165.990005,157.470001,159.070007,139.887772,1050353400
6/24/13,157.410004,161.820007,155.729996,160.419998,141.821426,809325800
7/1/13,161.259995,163.080002,160.220001,163.020004,144.120026,484451800
7/8/13,163.860001,167.929993,163.080002,167.509995,148.089462,588605500
7/15/13,167.970001,169.270004,167.070007,169.169998,149.556992,458478400
7/22/13,169.410004,169.860001,167.520004,169.110001,149.503998,492075500
7/29/13,168.679993,170.970001,168.110001,170.949997,151.130646,508848400
8/5/13,170.570007,170.960007,168.550003,169.309998,149.680801,420361400
8/12/13,168.460007,169.899994,165.5,165.830002,146.604248,513028500
8/19/13,165.639999,166.830002,164.190002,166.619995,147.302628,537622800
8/26/13,166.789993,167.300003,163.050003,163.649994,144.676941,610563900
9/2/13,165.229996,166.979996,163.699997,166.039993,146.789886,462611500
9/9/13,166.449997,169.559998,166.449997,169.330002,149.698456,443889200
9/16/13,171.160004,173.600006,170.039993,170.720001,150.927307,671767100
9/23/13,170.490005,170.649994,168.470001,168.910004,150.055008,504544800
9/30/13,167.479996,169.5,166.839996,168.889999,150.037292,658023000
10/7/13,167.419998,170.320007,164.529999,170.259995,151.254349,744278000
10/14/13,169.210007,174.509995,169.080002,174.389999,154.923309,696972000
10/21/13,174.449997,176,173.960007,175.949997,156.309189,500226000
10/28/13,175.889999,177.509995,175.220001,176.210007,156.540176,588982000
11/4/13,176.690002,177.639999,174.759995,177.289993,157.499542,552563000
11/11/13,177.119995,180.119995,176.089996,180.050003,159.951492,456701000
11/18/13,180.350006,180.830002,177.979996,180.809998,160.626663,497733000
11/25/13,181.130005,181.75,180.369995,181,160.795441,281150900
12/2/13,181.089996,181.429993,178.350006,180.940002,160.742126,573984000
12/9/13,181.470001,181.669998,177.759995,178.110001,158.228073,505064000
12/16/13,178.949997,181.990005,177.320007,181.559998,161.292892,754605200
12/23/13,182.449997,184.179993,182.070007,183.850006,164.21402,256145800
12/30/13,183.869995,184.690002,182.479996,182.889999,163.356522,344004400
1/6/14,183.490005,184.220001,182.080002,184.139999,164.473068,483464500
1/13/14,183.669998,184.940002,181.339996,183.639999,164.026443,533573200
1/20/14,184.699997,184.770004,178.830002,178.889999,159.783752,491066100
1/27/14,179.059998,179.809998,176.880005,178.179993,159.149597,821519600
2/3/14,177.970001,179.869995,173.710007,179.679993,160.48941,887744800
2/10/14,179.699997,184.360001,179.210007,184.020004,164.365891,501791200
2/17/14,184.179993,184.949997,182.600006,183.889999,164.249741,430099700
2/24/14,184.279999,187.149994,184.199997,186.289993,166.393433,574548900
3/3/14,184.649994,188.960007,183.75,188.259995,168.15303,620701300
3/10/14,187.970001,188.710007,184.440002,184.660004,164.937515,587706600
3/17/14,185.589996,189.020004,185.470001,186.199997,166.313019,656800400
3/24/14,186.839996,187.339996,183.899994,185.490005,166.41011,589131000
3/31/14,186.669998,189.699997,185.520004,186.399994,167.226501,514528000
4/7/14,185.949997,187.169998,181.309998,181.509995,162.839523,693927000
4/14/14,182.929993,186.910004,181.440002,186.389999,167.217529,499927000
4/21/14,186.440002,188.399994,185.869995,186.289993,167.127808,416538000
4/28/14,187.050003,189.139999,184.960007,188.059998,168.715729,511868000
5/5/14,187.139999,189.050003,186.009995,187.960007,168.626007,445134000
5/12/14,188.800003,190.419998,186.479996,188.050003,168.706772,478175000
5/19/14,187.690002,190.479996,187.070007,190.350006,170.770187,387217800
5/26/14,191.059998,192.800003,190.949997,192.679993,172.860489,279426000
6/2/14,192.949997,195.429993,191.970001,195.380005,175.282822,356031000
6/9/14,195.350006,196.050003,193.110001,194.130005,174.161407,379387000
6/16/14,193.889999,196.600006,193.660004,195.940002,175.785172,464041000
6/23/14,195.990005,196.5,194.130005,195.820007,176.519302,405387100
6/30/14,195.699997,198.289993,195.529999,198.199997,178.664749,266085000
7/7/14,197.820007,197.979996,195.059998,196.610001,177.231476,406114000
7/14/14,197.610001,198.259995,195.429993,197.710007,178.223053,519679400
7/21/14,197.089996,199.059998,196.429993,197.720001,178.232056,334607000
7/28/14,197.759995,198.449997,191.570007,192.5,173.526566,626687000
8/4/14,192.869995,194.300003,190.550003,193.240005,174.193619,591595000
8/11/14,193.970001,196.649994,192.940002,195.720001,176.429214,414545000
8/18/14,196.800003,199.759995,196.690002,199.190002,179.55719,351220000
8/25/14,200.139999,200.820007,199.149994,200.710007,180.927383,283264000
9/1/14,200.970001,201.580002,199.410004,201.110001,181.287949,317301000
9/8/14,200.919998,201.210007,198.559998,199.130005,179.503098,404171700
9/15/14,199.160004,201.899994,198.380005,200.699997,180.91835,560507000
9/22/14,200.350006,200.380005,196.270004,197.899994,179.22821,598069000
9/29/14,196.199997,198.300003,192.350006,196.520004,177.978424,683066000
10/6/14,197.339996,197.600006,190.490005,190.539993,172.562653,871766000
10/13/14,190.460007,191.149994,181.919998,188.470001,170.687927,1312517000
10/20/14,188.130005,196.490005,188.070007,196.429993,177.896881,709653000
10/27/14,195.729996,201.820007,195.029999,201.660004,182.633469,592480000
11/3/14,201.919998,203.600006,200.059998,203.339996,184.154938,475281000
11/10/14,203.380005,204.830002,203.130005,204.240005,184.970062,376714100
11/17/14,203.850006,207.839996,203.649994,206.679993,187.179794,454049700
11/24/14,207.169998,207.869995,206.800003,207.199997,187.650757,265047000
12/1/14,206.399994,208.470001,205.380005,208,188.375244,429769700
12/8/14,207.520004,208.119995,200.850006,200.889999,181.936096,754967700
12/15/14,201.979996,212.970001,197.860001,206.520004,187.034958,1206138200
12/22/14,206.75,208.850006,206.460007,208.440002,189.815643,370776900
12/29/14,208.220001,208.970001,204.179993,205.429993,187.074585,404984400
1/5/15,204.169998,206.419998,198.860001,204.25,186.000031,809915800
1/12/15,204.410004,205.479996,198.550003,201.630005,183.614136,940434000
1/19/15,202.399994,206.259995,200.169998,204.970001,186.655716,545806600
1/26/15,204.710007,205.559998,198.679993,199.449997,181.628922,765883700
2/2/15,200.050003,207.240005,197.860001,205.550003,187.183899,645251800
2/9/15,204.770004,209.839996,204.139999,209.779999,191.035934,465687300
2/16/15,209.399994,211.330002,208.729996,211.240005,192.365463,389980000
2/23/15,210.940002,212.240005,210.479996,210.660004,191.837326,400719000
3/2/15,210.779999,212.059998,207.100006,207.5,188.959641,577315400
3/9/15,207.740005,208.789993,204.399994,205.830002,187.438843,613490300
3/16/15,206.710007,211.270004,205.860001,210.410004,191.609604,755050500
3/23/15,210.419998,211.110001,204.119995,205.740005,188.193222,581117700
3/30/15,206.979996,208.610001,204.509995,206.440002,188.833527,447153600
4/6/15,205.369995,210.089996,205.210007,210.039993,192.12648,443228200
4/13/15,209.869995,211.039993,207.009995,207.949997,190.214737,509113900
4/20/15,209.059998,211.970001,208.899994,211.649994,193.599228,406927200
4/27/15,212.330002,212.479996,207.619995,210.720001,192.748489,556611100
5/4/15,211.229996,212.020004,206.759995,211.619995,193.571732,563435800
5/11/15,211.570007,212.610001,208.619995,212.440002,194.321823,462547700
5/18/15,212.240005,213.779999,212.160004,212.990005,194.824875,345719900
5/25/15,212.399994,212.979996,210.199997,211.139999,193.132706,417416800
6/1/15,211.940002,212.669998,208.979996,209.770004,191.879517,546278200
6/8/15,209.639999,212.089996,207.690002,210.009995,192.099045,537908100
6/15/15,208.639999,213.339996,207.789993,210.809998,192.830811,632747600
6/22/15,211.910004,212.589996,209.160004,209.820007,192.85881,432762300
6/29/15,208.050003,209.830002,205.279999,207.309998,190.551727,625900000
7/6/15,205.770004,208.169998,204.110001,207.479996,190.707993,729385700
7/13/15,208.990005,212.550003,208.940002,212.479996,195.303818,481406400
7/20/15,212.75,213.179993,207.600006,208,191.185959,445343800
7/27/15,206.940002,211.449997,206.259995,210.5,193.483856,556268500
8/3/15,210.460007,211.309998,206.869995,207.949997,191.139984,515462100
8/10/15,209.279999,210.669998,205.360001,209.419998,192.491165,540645600
8/17/15,208.710007,210.679993,197.520004,197.830002,181.838058,864627700
8/24/15,187.490005,199.839996,182.399994,199.279999,183.170853,1650892700
8/31/15,198.110001,199.130005,190.729996,192.589996,177.021652,938737300
9/7/15,195.940002,199.470001,194.25,196.740005,180.836166,543675700
9/14/15,196.949997,202.889999,194.960007,195.449997,179.650452,792543900
9/21/15,196.440002,197.679993,190.559998,192.850006,178.182159,666841300
9/28/15,191.779999,195.029999,186.929993,195,180.168625,843095800
10/5/15,196.460007,201.899994,196.330002,201.330002,186.017181,621027000
10/12/15,201.419998,203.289993,198.940002,203.270004,187.809647,492262800
10/19/15,202.5,207.949997,201.649994,207.509995,191.727112,576364400
10/26/15,207.300003,209.440002,205.789993,207.929993,192.115219,504447900
11/2/15,208.320007,211.660004,208.169998,210.039993,194.064713,466621600
11/9/15,209.309998,209.490005,202.440002,202.539993,187.135162,549621600
11/16/15,202.320007,210.119995,202.179993,209.309998,193.390228,542343400
11/23/15,209.380005,209.979996,207.410004,209.559998,193.621246,253103500
11/30/15,209.75,211,204.75,209.619995,193.676666,678260500
12/7/15,209.229996,209.729996,201.509995,201.880005,186.525375,695103200
12/14/15,202.070007,208.479996,199.830002,200.020004,184.806854,957957800
12/21/15,201.410004,206.330002,200.089996,205.679993,191.167328,369647300
12/28/15,204.860001,207.789993,203.869995,203.869995,189.485062,336736200
1/4/16,200.490005,201.899994,191.580002,191.919998,178.378235,908565200
1/11/16,193.009995,194.860001,185.520004,187.809998,174.558228,1147082700
1/18/16,189.960007,190.759995,181.020004,190.520004,177.077026,845884700
1/25/16,189.919998,193.880005,187.059998,193.720001,180.051224,811418300
2/1/16,192.529999,194.580002,187.100006,187.949997,174.688339,844001500
2/8/16,185.770004,188.339996,181.089996,186.630005,173.461502,870945200
2/15/16,188.770004,193.320007,187.630005,192,178.452576,473396200
2/22/16,193.869995,196.679993,189.320007,195.089996,181.32457,606469800
2/29/16,195.110001,201.350006,193.330002,200.429993,186.28775,594598600
3/7/16,199.339996,202.809998,197.380005,202.759995,188.453369,613798300
3/14/16,202.160004,205.229996,201.050003,204.380005,189.959076,568735200
3/21/16,204.070007,205.229996,201.740005,203.119995,189.761673,335812000
3/28/16,203.610001,207.139999,202.399994,206.919998,193.311768,450704000
4/4/16,206.830002,207.070007,203.089996,204.5,191.050934,463898600
4/11/16,205.25,208.600006,203.699997,207.779999,194.115204,436419000
4/18/16,207.779999,210.919998,207,208.970001,195.226944,436894100
4/25/16,208.259995,209.809998,205.029999,206.330002,192.760559,459000400
5/2/16,206.919998,208.179993,203.880005,205.720001,192.190689,417788100
5/9/16,205.570007,208.539993,204.380005,204.759995,191.293793,419635000
5/16/16,204.960007,207.339996,202.779999,205.490005,191.975815,532894700
5/23/16,205.509995,210.25,204.990005,210.240005,196.413422,348333700
5/30/16,210.559998,210.929993,208.860001,210.279999,196.45079,344617400
6/6/16,210.699997,212.520004,209.429993,210.070007,196.254593,379648800
6/13/16,209.360001,210.369995,205.589996,206.520004,192.93808,618523800
6/20/16,208.820007,210.869995,202.720001,203.240005,190.861191,686987600
6/27/16,201.589996,210.490005,198.649994,209.919998,197.134354,798564000
7/4/16,208.949997,212.940002,207.059998,212.649994,199.698044,425390000
7/11/16,213.190002,217.009995,212.949997,215.830002,202.684372,460619900
7/18/16,215.970001,217.369995,215.630005,217.240005,204.008514,301795900
7/25/16,217,217.539993,215.619995,217.119995,203.895813,354592600
8/1/16,217.190002,218.229996,214.25,218.179993,204.891235,338078200
8/8/16,218.399994,218.940002,217.229996,218.460007,205.15419,282917100
8/15/16,218.889999,219.5,217.020004,218.539993,205.229294,306593700
8/22/16,218.259995,219.600006,216.25,217.289993,204.055435,378228000
8/29/16,217.440002,218.869995,216.029999,218.369995,205.069687,391024300
9/5/16,218.699997,219.220001,213.25,213.279999,200.289688,428949000
9/12/16,212.389999,216.809998,212.309998,213.369995,200.374222,774789500
9/19/16,214.130005,217.529999,213.029999,215.990005,203.859222,410509800
9/26/16,215.020004,217.119995,213.619995,216.300003,204.151794,501006600
10/3/16,215.820007,216.300003,213.990005,215.039993,202.962616,428991900
10/10/16,216.160004,216.699997,211.210007,213.119995,201.150421,450791700
10/17/16,213.089996,214.639999,212.169998,213.979996,201.962097,364393500
10/24/16,215,215.320007,211.710007,212.539993,200.602997,420237800
10/31/16,212.929993,213.190002,208.380005,208.550003,196.837112,485446500
11/7/16,208.550003,218.309998,208.550003,216.419998,204.265076,747662000
11/14/16,217.029999,219.270004,215.720001,218.5,206.228226,407913300
11/21/16,219.169998,221.559998,219,221.520004,209.078644,234324100
11/28/16,221.160004,221.820007,219.149994,219.679993,207.34198,413631800
12/5/16,220.649994,226.529999,220.419998,226.509995,213.788391,426173500
12/12/16,226.399994,228.339996,224.669998,225.039993,212.40094,636388200
12/19/16,225.25,226.570007,224.919998,225.710007,214.288986,341005800
12/26/16,226.020004,226.729996,222.729996,223.529999,212.219269,264461900
1/2/17,225.039993,227.75,223.880005,227.210007,215.713058,320049800
1/9/17,226.910004,227.449997,224.960007,227.050003,215.561157,320192700
1/16/17,226.309998,227.309998,225.410004,226.740005,215.266846,311811500
1/23/17,226.740005,229.710007,225.270004,228.970001,217.384003,374736400
1/30/17,228.169998,229.550003,226.320007,229.339996,217.735275,384956600
2/6/17,228.869995,231.770004,228.309998,231.509995,219.795471,299258600
2/13/17,232.080002,235.160004,232.050003,235.089996,223.19429,375003400
2/20/17,235.520004,236.899994,235.410004,236.740005,224.760849,308058800
2/27/17,236.639999,240.320007,236.020004,238.419998,226.355804,454855800
3/6/17,237.5,238.119995,235.740005,237.690002,225.66275,371339600
3/13/17,237.619995,239.440002,236.190002,237.029999,225.036179,380565500
3/20/17,237.029999,237.610001,232.960007,233.860001,222.992477,494830700
3/27/17,231.929993,236.520004,231.610001,235.740005,224.78511,373359800
4/3/17,235.800003,237.389999,233.910004,235.199997,224.270203,394361400
4/10/17,235.360001,236.259995,232.509995,232.509995,221.7052,330405400
4/17/17,233.110001,235.850006,232.880005,234.589996,223.688553,423293100
4/24/17,237.179993,239.529999,234.559998,238.080002,227.016373,401553800
5/1/17,238.679993,239.720001,237.699997,239.699997,228.561111,320859900
5/8/17,239.75,240.190002,238.130005,238.979996,227.874557,270313700
5/15/17,239.470001,240.669998,235.429993,238.309998,227.235703,507393900
5/22/17,238.899994,242.080002,238.820007,241.710007,230.477692,266981600
5/29/17,241.339996,244.350006,240.639999,244.169998,232.823364,284626000
6/5/17,243.970001,245.009995,241.949997,243.410004,232.098648,347425600
6/12/17,243.130005,244.869995,241.630005,242.639999,231.364471,375795400
6/19/17,243.589996,244.729996,242.410004,243.130005,232.962265,289142700
6/26/17,243.899994,244.380005,239.960007,241.800003,231.687881,402761200
7/3/17,242.880005,243.380005,240.339996,242.110001,231.984909,216954500
7/10/17,242.110001,245.970001,240.850006,245.559998,235.290604,246362600
7/17/17,245.470001,247.419998,244.669998,246.880005,236.555435,256784700
7/24/17,246.789993,248,245.679993,246.910004,236.584167,269968300
7/31/17,247.369995,247.789993,246.369995,247.410004,237.063248,269148100
8/7/17,247.490005,248.910004,243.699997,244.119995,233.910858,351696400
8/14/17,245.589996,247.570007,242.199997,242.710007,232.559814,450488500
8/21/17,242.639999,245.619995,241.830002,244.559998,234.332458,294001200
8/28/17,245.169998,248.330002,242.929993,247.839996,237.475281,319543000
9/4/17,247.259995,247.520004,244.949997,246.580002,236.267975,271183200
9/11/17,248.039993,250.320007,248.020004,249.190002,238.768814,378367500
9/18/17,249.610001,250.190002,248.919998,249.440002,240.194504,252342800
9/25/17,249.149994,251.320007,248.080002,251.229996,241.918137,322504600
10/2/17,251.490005,254.699997,251.289993,254.369995,244.941757,325955600
10/9/17,254.630005,255.270004,253.649994,254.949997,245.50029,228400300
10/16/17,255.210007,257.140015,254.350006,257.109985,247.5802,261751200
10/23/17,257.480011,257.890015,254,257.709991,248.157974,389927000
10/30/17,256.470001,258.5,256.190002,258.450012,248.87056,284832400
11/6/17,258.299988,259.350006,256.359985,258.089996,248.523865,312694600
11/13/17,257.309998,259.040009,255.630005,257.859985,248.302383,335889100
11/20/17,258.140015,260.480011,257.859985,260.359985,250.709747,190142200
11/27/17,260.410004,266.049988,260,264.459991,254.657806,521044000
12/4/17,266.309998,266.799988,262.709991,265.51001,255.668869,401716200
12/11/17,266.309998,267.559998,265.390015,266.51001,256.631836,516455700
12/18/17,268.100006,268.600006,266.690002,267.51001,258.911469,388541200
12/25/17,267.049988,268.549988,266.640015,266.859985,258.282349,244118900
1/1/18,267.839996,273.559998,267.399994,273.420013,264.631439,340886500
1/8/18,273.309998,278.109985,272.920013,277.920013,268.986847,337325100
1/15/18,279.350006,280.410004,276.179993,280.410004,271.396759,461462000
1/22/18,280.170013,286.630005,280.109985,286.579987,277.368439,515553600
1/29/18,285.929993,286.429993,275.410004,275.450012,266.596222,593556800
2/5/18,273.450012,275.850006,252.919998,261.5,253.094574,1347099500
2/12/18,263.829987,275.320007,261.660004,273.109985,264.33139,617315700
2/19/18,272.029999,274.720001,269.640015,274.709991,265.879974,388531100
2/26/18,275.929993,278.920013,264.820007,269.079987,260.430939,623436700
3/5/18,267.730011,278.869995,267.609985,278.869995,269.906281,444110600
3/12/18,279.200012,280.410004,274.140015,274.200012,265.386444,453565500
3/19/18,273.350006,274.399994,257.829987,258.049988,250.755783,579996000
3/26/18,262.130005,266.769989,258.579987,263.149994,255.711655,529951400
4/2/18,262.549988,266.640015,254.669998,259.720001,252.378555,692132300
4/9/18,261.369995,267.540009,259.940002,265.149994,257.655121,454081800
4/16/18,267,271.299988,265.609985,266.609985,259.073822,363000200
4/23/18,267.26001,267.980011,260.850006,266.559998,259.025238,407069900
4/30/18,267.26001,267.890015,259.049988,266.019989,258.500519,470288200
5/7/18,266.890015,273.149994,265.149994,272.850006,265.13739,314405600
5/14/18,273.339996,274.079987,270.029999,271.329987,263.660431,316673700
5/21/18,273.01001,274.25,270.779999,272.149994,264.457245,308105100
5/28/18,270.309998,273.940002,267.76001,273.600006,265.866272,350365300
6/4/18,274.529999,278.279999,274.179993,278.190002,270.326508,304361500
6/11/18,278.440002,279.480011,275.350006,277.130005,269.296448,407431300
6/18/18,275.48999,276.720001,273.529999,274.73999,268.172821,330194500
6/25/18,273.440002,273.869995,268.48999,271.279999,264.795532,485755300
7/2/18,269.51001,275.839996,269.23999,275.420013,268.836578,229161500
7/9/18,276.549988,279.929993,276.5,279.589996,272.906891,287912600
7/16/18,279.640015,281.179993,278.410004,279.679993,272.994751,288859800
7/23/18,279.450012,284.369995,279.059998,281.420013,274.693176,328645600
7/30/18,281.51001,283.660004,279.160004,283.600006,276.821045,303528100
8/6/18,283.640015,286.01001,282.359985,283.160004,276.391571,237505100
8/13/18,283.470001,285.559998,280.160004,285.059998,278.246155,348086700
8/20/18,285.570007,287.670013,285.059998,287.51001,280.637573,258765100
8/27/18,288.859985,291.73999,288.679993,290.309998,283.370636,292871700
9/3/18,289.839996,290.209991,286.709991,287.600006,280.725433,269481500
9/10/18,288.73999,291.269989,286.980011,290.880005,283.927002,266666300
9/17/18,290.820007,293.940002,289.029999,291.98999,285.010468,385095300
9/24/18,291.339996,292.23999,289.410004,290.720001,285.05545,306860200
10/1/18,292.109985,293.209991,286.220001,287.820007,282.211914,391529300
10/8/18,287.049988,288.859985,270.359985,275.950012,270.573242,834839200
10/15/18,275.549988,281.149994,274.299988,276.25,270.867371,605604600
10/22/18,277,277.359985,262.290009,265.329987,260.160126,746211300
10/29/18,268.799988,275.230011,259.850006,271.890015,266.592316,668290500
11/5/18,272.440002,281.220001,271.350006,277.76001,272.347961,392858000
11/12/18,277.190002,277.459991,267.01001,273.730011,268.396484,584955500
11/19/18,273.049988,273.380005,263.070007,263.25,258.120697,357454600
11/26/18,265.779999,276.279999,265.339996,275.649994,270.279083,463664000
12/3/18,280.279999,280.399994,262.440002,263.570007,258.434479,646366600
12/10/18,263.369995,269,258.619995,260.470001,255.394867,584550800
12/17/18,259.399994,260.649994,239.979996,240.699997,236.01004,1022399200
12/24/18,239.039993,251.399994,233.759995,247.75,244.341248,705164500
12/31/18,249.559998,253.110001,243.669998,252.389999,248.917435,557994100
1/7/19,252.690002,259.160004,251.690002,258.980011,255.416763,471340300
1/14/19,256.859985,266.980011,256.410004,266.459991,262.793823,457771900
1/21/19,264.820007,266.700012,260.660004,265.779999,262.123199,357649000
1/28/19,263.390015,271.200012,261.790009,270.059998,266.344299,434018300
2/4/19,270.109985,273.440002,267.829987,270.470001,266.748657,369916300
2/11/19,271.200012,277.410004,270.029999,277.369995,273.553741,385891900
2/18/19,276.480011,279.359985,276.350006,279.140015,275.299408,278060900
2/25/19,280.730011,281.309998,277.480011,280.420013,276.561798,330945200
3/4/19,281.600006,281.869995,272.420013,274.459991,270.683746,421329900
3/11/19,275.26001,282.380005,275.230011,281.309998,277.439514,374233000
3/18/19,281.549988,285.179993,279.179993,279.25,276.620941,439286800
3/25/19,278.869995,282.839996,277.640015,282.480011,279.820557,364351100
4/1/19,284.700012,288.630005,284.399994,288.570007,285.853241,293550700
4/8/19,288.100006,290.470001,286.700012,290.160004,287.428253,297131000
4/15/19,290.23999,291.429993,288.660004,290.019989,287.289551,228726700
4/22/19,289.170013,293.48999,289.070007,293.410004,290.647675,251486900
4/29/19,293.51001,294.950012,289.519989,294.029999,291.26181,331555200
5/6/19,289.25,293.309998,282.299988,288.100006,285.387634,559396700
5/13/19,282.420013,289.209991,279.929993,285.839996,283.148926,455352700
5/20/19,284.059998,286.929993,280.570007,282.779999,280.117737,313209100
5/27/19,283.089996,284.149994,275.23999,275.269989,272.678406,324388900
6/3/19,275.309998,288.850006,273.089996,287.649994,284.941864,388532200
6/10/19,289.369995,291.399994,287.820007,289.26001,286.536743,267806600
6/17/19,289.519989,296.309998,289.179993,294,291.232086,403194400
6/24/19,294.230011,294.579987,290.350006,293,291.653137,280902400
7/1/19,296.679993,298.820007,294.329987,298.459991,297.088043,232786300
7/8/19,297.01001,300.730011,295.480011,300.649994,299.267975,236543700
7/15/19,301.130005,301.130005,296.700012,297.170013,295.803986,216657600
7/22/19,297.609985,302.230011,297.040009,302.01001,300.621735,235894000
7/29/19,301.880005,302.01001,290.899994,292.619995,291.274902,447617000
8/5/19,288.089996,293.619995,281.720001,291.619995,290.27948,621473300
8/12/19,289.959991,294.149994,282.390015,288.850006,287.522217,478024400
8/19/19,292.190002,293.929993,283.470001,284.850006,283.540619,355520800
8/26/19,287.269989,294.23999,285.25,292.450012,291.105682,319590000
9/2/19,290.570007,298.829987,289.269989,298.049988,296.679932,248831100
9/9/19,299.140015,302.459991,295.970001,301.089996,299.705963,313042000
9/16/19,299.839996,302.630005,297.410004,298.279999,296.908875,339168000
9/23/19,297.549988,299.839996,293.690002,295.399994,295.399994,351126500
9/30/19,295.970001,298.459991,284.820007,294.350006,294.350006,412814300
10/7/19,293.470001,298.73999,288.48999,296.279999,296.279999,371694700
10/14/19,295.929993,300.23999,295.570007,297.970001,297.970001,246118100
10/21/19,299.420013,300.899994,298.5,299.880005,299.880005,121995500